handleId,fieldType,name,description,productImageUrl,collection,sku,ribbon,price,surcharge,visible,discountMode,discountValue,inventory,weight,productOptionName1,productOptionType1,productOptionDescription1,productOptionName2,productOptionType2,productOptionDescription2,productOptionName3,productOptionType3,productOptionDescription3,productOptionName4,productOptionType4,productOptionDescription4,productOptionName5,productOptionType5,productOptionDescription5,productOptionName6,productOptionType6,productOptionDescription6,additionalInfoTitle1,additionalInfoDescription1,additionalInfoTitle2,additionalInfoDescription2,additionalInfoTitle3,additionalInfoDescription3,additionalInfoTitle4,additionalInfoDescription4,additionalInfoTitle5,additionalInfoDescription5,additionalInfoTitle6,additionalInfoDescription6,customTextField1,customTextCharLimit1,customTextMandatory1,customTextField2,customTextCharLimit2,customTextMandatory2,brand
product_f24cdde1-8935-6f6f-dad7-fae92e0b86bf,Product,Patriarchy Print,"<p>To celebrate my fellow feminists who also sound like sneezy, congested messes most of the time, I created this print. I love it so much and I hope you will too!</p><p>&nbsp;</p><p>These are full color giclee prints, printed on fine art paper with a matte finish. They’re nice and thick with a hint texture to them.</p><p>&nbsp;</p><p>Available in three sizes:<br>5x7<br>8x10<br>11x14</p>",2077e7_05eb49453d9142e389b7be200c7461ee~mv2.jpg;2077e7_8355fc8088674c1b85c2cf04645c3baa~mv2.jpg;2077e7_97b86a0a4f614d19adfbed6341e8765c~mv2.jpg;2077e7_f56c0bbe2abf4a9b8814d6624abca5c7~mv2.jpg;2077e7_aafbadb4e8874634b42191b39e2f3879~mv2.jpg;2077e7_d83e5a45352748048a6b29e7c86ba291~mv2.jpg,Prints,,,10,,TRUE,PERCENT,0,0,0,Size,DROP_DOWN,5x7;8x10;11x14,,,,,,,,,,,,,,,,,,,,,,,,,,,,,,,,,,
product_f24cdde1-8935-6f6f-dad7-fae92e0b86bf,Variant,,,,,79,,,0,TRUE,,,1,0.18,,,5x7,,,,,,,,,,,,,,,,,,,,,,,,,,,,,,,,,,
product_f24cdde1-8935-6f6f-dad7-fae92e0b86bf,Variant,,,,,80,,,5,TRUE,,,2,0.25,,,8x10,,,,,,,,,,,,,,,,,,,,,,,,,,,,,,,,,,
product_f24cdde1-8935-6f6f-dad7-fae92e0b86bf,Variant,,,,,81,,,10,TRUE,,,2,0.56,,,11x14,,,,,,,,,,,,,,,,,,,,,,,,,,,,,,,,,,
product_748df075-b678-15f0-9b8c-e512b5dc3bd8,Product,The Sun Print,"<p>I was inspired to make three tarot card prints, none of which turned out to be tarot cards themselves. Still, I ended up with The Moon, The Sun, and The Star.</p><p>&nbsp;</p><p>In tarot, The Sun is part of the Major Arcana and when drawn upright, it signifies good fortune, happiness, joy, and harmony. It represents the universe coming together and agreeing with your path and aiding forward movement into something greater.</p><p>&nbsp;</p><p>These are full color giclee prints, printed on fine art paper with a matte finish. They’re nice and thick with a hint texture to them.</p><p>&nbsp;</p><p>Available in three sizes:<br>5x7<br>8x10<br>11x14</p>",2077e7_6ebc5df389584434ada5c7f8372fa75b~mv2.jpg;2077e7_d3421e05cff14c70a974b3df6d736bf7~mv2.jpg;2077e7_f9c4a0a15cf44cd098f8dbbea67e3b4d~mv2.jpg;2077e7_5532b47dbb1f48b2b8d2f0794efac231~mv2.jpg;2077e7_3441c0c1661e4ff6922802b9912e5640~mv2.jpg,Prints,,,10,,TRUE,PERCENT,0,0,0,Size,DROP_DOWN,5x7;8x10;11x14,,,,,,,,,,,,,,,,,,,,,,,,,,,,,,,,,,
product_748df075-b678-15f0-9b8c-e512b5dc3bd8,Variant,,,,,76,,,0,TRUE,,,2,0.18,,,5x7,,,,,,,,,,,,,,,,,,,,,,,,,,,,,,,,,,
product_748df075-b678-15f0-9b8c-e512b5dc3bd8,Variant,,,,,77,,,5,TRUE,,,2,0.25,,,8x10,,,,,,,,,,,,,,,,,,,,,,,,,,,,,,,,,,
product_748df075-b678-15f0-9b8c-e512b5dc3bd8,Variant,,,,,78,,,10,TRUE,,,2,0.56,,,11x14,,,,,,,,,,,,,,,,,,,,,,,,,,,,,,,,,,
product_27d21a83-73d5-1872-5dc6-dbaf7da72ee7,Product,The Moon Print,"<p>I was inspired to make three tarot card prints, none of which turned out to be tarot cards themselves. Still, I ended up with The Moon, The Sun, and The Star.</p><p>&nbsp;</p><p>These are full color giclee prints, printed on fine art paper with a matte finish. They’re nice and thick with a hint texture to them.</p><p>&nbsp;</p><p>Available in three sizes:<br>5x7<br>8x10<br>11x14</p>",2077e7_5485c90dd6214df49e3ef49b5d822dd1~mv2.jpg;2077e7_5a2934dabe114ae2b0f0e1f48cbaae81~mv2.jpg;2077e7_5615c808d58e41919df758b445b981df~mv2.jpg;2077e7_9b8603f72b1646b482e6be0da18d2b74~mv2.jpg;2077e7_b81e884fb84d494c9e6147d97d1abcdc~mv2.jpg;2077e7_d4fd9cf436c84e10b29d54a17385d370~mv2.jpg,Prints,,,10,,TRUE,PERCENT,0,0,0,Size,DROP_DOWN,5x7;8x10;11x14,,,,,,,,,,,,,,,,,,,,,,,,,,,,,,,,,,
product_27d21a83-73d5-1872-5dc6-dbaf7da72ee7,Variant,,,,,73,,,0,TRUE,,,2,0.18,,,5x7,,,,,,,,,,,,,,,,,,,,,,,,,,,,,,,,,,
product_27d21a83-73d5-1872-5dc6-dbaf7da72ee7,Variant,,,,,74,,,5,TRUE,,,1,0.25,,,8x10,,,,,,,,,,,,,,,,,,,,,,,,,,,,,,,,,,
product_27d21a83-73d5-1872-5dc6-dbaf7da72ee7,Variant,,,,,75,,,10,TRUE,,,2,0.56,,,11x14,,,,,,,,,,,,,,,,,,,,,,,,,,,,,,,,,,
product_07e0c737-5d6a-97a5-eb92-51e753e914a3,Product,The Star Print,"<p>I was inspired to make three tarot card prints, none of which turned out to be tarot cards themselves. Still, I ended up with The Moon, The Sun, and The Star.</p><p>&nbsp;</p><p>When The Star card appears in tarot, you are likely to find yourself feeling inspired. It brings renewed hope and faith and a sense that you are truly blessed by the universe at this time.</p><p>&nbsp;</p><p>These are full color giclee prints, printed on fine art paper with a matte finish. They’re nice and thick with a hint texture to them.</p><p>&nbsp;</p><p>Available in three sizes:<br>5x7<br>8x10<br>11x14</p>",2077e7_4ed707a004de4c958c4493bfe8ee1a9c~mv2.jpg;2077e7_a6aebda3d079401baf10a00ecf221e81~mv2.jpg;2077e7_6e7f0c8e103e47b6974971f56ae8ff7d~mv2.jpg;2077e7_22de32c3cd7b4bb0a182371f250b55f0~mv2.jpg;2077e7_f4776ff9024d4c2399a4131a08f68e17~mv2.jpg;2077e7_5ab67833bef54de9963a58cb5d45ef0c~mv2.jpg,Prints,,,10,,TRUE,PERCENT,0,0,0,Size,DROP_DOWN,5x7;8x10;11x14,,,,,,,,,,,,,,,,,,,,,,,,,,,,,,,,,,
product_07e0c737-5d6a-97a5-eb92-51e753e914a3,Variant,,,,,70,,,0,TRUE,,,2,0.18,,,5x7,,,,,,,,,,,,,,,,,,,,,,,,,,,,,,,,,,
product_07e0c737-5d6a-97a5-eb92-51e753e914a3,Variant,,,,,71,,,5,TRUE,,,2,0.25,,,8x10,,,,,,,,,,,,,,,,,,,,,,,,,,,,,,,,,,
product_07e0c737-5d6a-97a5-eb92-51e753e914a3,Variant,,,,,72,,,10,TRUE,,,2,0.56,,,11x14,,,,,,,,,,,,,,,,,,,,,,,,,,,,,,,,,,
product_370c6ca5-f59b-b399-9613-68281e00e560,Product,Green Flowers and Combat Boots Print,"<p>I love combat boots. And also the idea of a style symbol that looks so edgy and cool being paired with something as pretty and feminine as flowers makes me feel more powerful somehow. So I made this print. It is available with two different backgrounds. This listing is for the green&nbsp;background.&nbsp;</p><p>&nbsp;</p><p>This is a full color print, printed on 100# cardstock paper with a matte finish. It is nice and thick with a smooth&nbsp;texture. &nbsp;</p><p>&nbsp;</p><p>Available in three sizes:<br>5x7<br>8x10<br>11x14</p>",2077e7_0a850834eb4349a8925403fc164effca~mv2.jpg;2077e7_f8be31b7952241eda2b2efeea1ffdac8~mv2.jpg;2077e7_a9e6f46650604762b3cb434716e8ec4e~mv2.jpg;2077e7_b51d6fcd37494777b37ee8791b3654db~mv2.jpg;2077e7_a70396ede5d34eba9ea0f6744ebb8260~mv2.jpg,Prints,,,10,,TRUE,PERCENT,0,0,0,Size,DROP_DOWN,5x7;8x10;11x14,,,,,,,,,,,,,,,,,,,,,,,,,,,,,,,,,,
product_370c6ca5-f59b-b399-9613-68281e00e560,Variant,,,,,67,,,0,TRUE,,,10,0.18,,,5x7,,,,,,,,,,,,,,,,,,,,,,,,,,,,,,,,,,
product_370c6ca5-f59b-b399-9613-68281e00e560,Variant,,,,,68,,,5,TRUE,,,10,0.25,,,8x10,,,,,,,,,,,,,,,,,,,,,,,,,,,,,,,,,,
product_370c6ca5-f59b-b399-9613-68281e00e560,Variant,,,,,69,,,10,TRUE,,,10,0.56,,,11x14,,,,,,,,,,,,,,,,,,,,,,,,,,,,,,,,,,
product_16fab67a-2bea-f5d9-6edb-f699fe25fa07,Product,Pink Flowers and Combat Boots Print,"<p>I love combat boots. And also the idea of a style symbol that looks so edgy and cool being paired with something as pretty and feminine as flowers makes me feel more powerful somehow. So I made this print. It is available with two different backgrounds. This listing is for the pink background.&nbsp;</p><p>&nbsp;</p><p>This is a full color print, printed on 100# cardstock paper with a matte finish. It is nice and thick with a smooth&nbsp;texture. &nbsp;</p><p>&nbsp;</p><p>Available in three sizes:<br>5x7<br>8x10<br>11x14</p>",2077e7_71b37d7d2c8e46699d38af214e6dcd22~mv2.jpg;2077e7_f86281c64f61410480a442c7c2c8e156~mv2.jpg;2077e7_23507df2a9f8401da3aaad2c043b2307~mv2.jpg;2077e7_b29176bb24894d578cebc9c04834514d~mv2.jpg;2077e7_cab553112cbc4ed591a59714b76eff1a~mv2.jpg,Prints,,,10,,TRUE,PERCENT,0,0,0,Size,DROP_DOWN,5x7;8x10;11x14,,,,,,,,,,,,,,,,,,,,,,,,,,,,,,,,,,
product_16fab67a-2bea-f5d9-6edb-f699fe25fa07,Variant,,,,,64,,,0,TRUE,,,10,0.18,,,5x7,,,,,,,,,,,,,,,,,,,,,,,,,,,,,,,,,,
product_16fab67a-2bea-f5d9-6edb-f699fe25fa07,Variant,,,,,65,,,5,TRUE,,,10,0.25,,,8x10,,,,,,,,,,,,,,,,,,,,,,,,,,,,,,,,,,
product_16fab67a-2bea-f5d9-6edb-f699fe25fa07,Variant,,,,,66,,,10,TRUE,,,10,0.56,,,11x14,,,,,,,,,,,,,,,,,,,,,,,,,,,,,,,,,,
product_0b305014-ab09-80f6-f012-110fd9279a02,Product,Sign Language 'I Love You' Print,"<p>Sign language, specifically ASL, has always held a special place in my heart and I don’t know why. Im not fluent by any means, but the first sign that I learned as a child was “I Love You,” so it seems fitting that this is one of the first prints that I am releasing.&nbsp;</p><p>&nbsp;</p><p>This is a full color print, printed on 100# cardstock paper with a matte finish. It is nice and thick with a smooth&nbsp;texture. &nbsp;</p><p>&nbsp;</p><p>Available in three sizes:<br>5x7<br>8x10<br>11x14</p>",2077e7_1963ec074d6543879ff4ef68fd96f265~mv2.jpg;2077e7_b4f3f60f0dfa4b999ae658008fc8079f~mv2.jpg;2077e7_b8c686c0265d4492b808aff4d0a779b2~mv2.jpg;2077e7_add7f7f0426d4fedbbfd706cf0bd45fe~mv2.jpg;2077e7_cf2cca264f504174bcaa7e0bccdee8db~mv2.jpg;2077e7_16657103fc00415e89affc4cc416e95a~mv2.jpg,Prints,,,10,,TRUE,PERCENT,0,0,0,Size,DROP_DOWN,5x7;8x10;11x14,,,,,,,,,,,,,,,,,,,,,,,,,,,,,,,,,,
product_0b305014-ab09-80f6-f012-110fd9279a02,Variant,,,,,61,,,0,TRUE,,,10,0.18,,,5x7,,,,,,,,,,,,,,,,,,,,,,,,,,,,,,,,,,
product_0b305014-ab09-80f6-f012-110fd9279a02,Variant,,,,,62,,,5,TRUE,,,10,0.25,,,8x10,,,,,,,,,,,,,,,,,,,,,,,,,,,,,,,,,,
product_0b305014-ab09-80f6-f012-110fd9279a02,Variant,,,,,63,,,10,TRUE,,,10,0.56,,,11x14,,,,,,,,,,,,,,,,,,,,,,,,,,,,,,,,,,
product_b69d2050-94c8-44ce-d570-43357d079fc0,Product,Mini Yosemite Sticker,"<p>2.5 x 2.5 inches</p><p>&nbsp;</p><p>A small version of my Yosemite National Park Sticker, in Yellow Ochre/White.</p><p>&nbsp;</p><ul>	<li>Matte finish</li>	<li>Removable and replaceable</li>	<li>Waterproof</li>	<li>Weatherproof</li>	<li>Dishwasher safe, can be placed on cars and water bottles</li>	<li>Removes with little to no residue, any residue can be easily removed with hand sanitizer or rubbing alcohol</li></ul>",2077e7_3eaba30c08e943bf95b27d1ce6c344ae~mv2.jpg;2077e7_ca92327e90954033a158317d962fa2d5~mv2.jpg;2077e7_8ea7323b7eba4a1bb908f14f70ca6b47~mv2.jpg,Stickers,60,,3.25,,TRUE,PERCENT,0,10,0.07,,,,,,,,,,,,,,,,,,,,,,,,,,,,,,,,,,,,,
product_ec15c7a5-9345-4c8b-a4ee-0b08560ed5ef,Product,Arches National Park Sticker,"<p>3.5 x 3.5 inches</p><p>&nbsp;</p><p>My National Park collection is perfect for anybody who loves (or even mildly likes) to travel. &nbsp;They're perfect to stick to cars, hydro flasks,&nbsp;laptops, and planners. I did my best to keep the designs simple while still ringing true to the scenery. &nbsp;One special touch is that I included the state flower for where&nbsp;the national parks are located.&nbsp; Arches National Park is in Utah, so the flowers you see in the design are the Sego Lily.</p><p>&nbsp;</p><p>Each National Park&nbsp;sticker comes in two background colors and two design colors. The two design colors are always either black or white, but the background choices vary depending on the park. This listing is for Arches, so the background colors are Saddle (a tan that pulls orangish yellow) or Burnt Umber (a rich and dark reddish brown).</p><p>&nbsp;</p><ul>	<li>Matte finish</li>	<li>Removable and replaceable</li>	<li>Waterproof</li>	<li>Weatherproof</li>	<li>Dishwasher safe, can be placed on cars and water bottles</li>	<li>Removes with little to no residue, any residue can be easily removed with hand sanitizer or rubbing alcohol</li></ul>",2077e7_a9561a8b68704efc848e200c51cdfb48~mv2.jpg;2077e7_19556687513b406b832e5487a38347b1~mv2.jpg;2077e7_7ee5bcde053a4374a4bf9304919ac266~mv2.jpg;2077e7_43294edbe4264233a2bca9a2f1eae18a~mv2.jpg;2077e7_c0cd4cdf026b488c83d0b7bbcc349776~mv2.jpg;2077e7_a5421a454fd9469abd420360ed55c093~mv2.jpg;2077e7_e17808d47acd43f68dd617893b9e8aca~mv2.jpg;2077e7_5d7465ea43604b23b516eb55f7183888~mv2.jpg;2077e7_a21cc4bb321e49c6b8b37702538131d3~mv2.jpg;2077e7_949205e4509746ffb5fc0a6e4b510eb9~mv2.jpg;2077e7_aded4343d0ff4797994fd1ca6be4c212~mv2.jpg,Stickers,,,3.25,,TRUE,PERCENT,0,0,0,Background Color,DROP_DOWN,Saddle;Burnt Umber,Design,DROP_DOWN,Black;White,,,,,,,,,,,,,,,,,,,,,,,,,,,,,,,
product_ec15c7a5-9345-4c8b-a4ee-0b08560ed5ef,Variant,,,,,56,,,0,TRUE,,,10,0.07,,,Saddle,,,Black,,,,,,,,,,,,,,,,,,,,,,,,,,,,,,,
product_ec15c7a5-9345-4c8b-a4ee-0b08560ed5ef,Variant,,,,,58,,,0,TRUE,,,12,0.07,,,Burnt Umber,,,Black,,,,,,,,,,,,,,,,,,,,,,,,,,,,,,,
product_ec15c7a5-9345-4c8b-a4ee-0b08560ed5ef,Variant,,,,,57,,,0,TRUE,,,11,0.07,,,Saddle,,,White,,,,,,,,,,,,,,,,,,,,,,,,,,,,,,,
product_ec15c7a5-9345-4c8b-a4ee-0b08560ed5ef,Variant,,,,,59,,,0,TRUE,,,9,0.07,,,Burnt Umber,,,White,,,,,,,,,,,,,,,,,,,,,,,,,,,,,,,
product_27f46659-f14b-398b-ef4d-a37bcac3a47e,Product,Denali National Park and Reserve Sticker,"<p>3.5 x 3.5 inches</p><p>&nbsp;</p><p>My National Park collection is perfect for anybody who loves (or even mildly likes) to travel. &nbsp;They're perfect to stick to cars, hydro flasks,&nbsp;laptops, and planners. I did my best to keep the designs simple while still ringing true to the scenery. &nbsp;One special touch is that I included the state flower for where&nbsp;the national parks are located. &nbsp;Denali National Park and Reserve is in Alaska, so the flowers you see in the design are the Forget-Me-Not.</p><p>&nbsp;</p><p>Each National Park&nbsp;sticker comes in two background colors and two design colors. The two design colors are always either black or white, but the background choices vary depending on the park. This listing is for Denali, so the background colors are Seafoam (a muted bluish green) or Aegean (a gray toned dark blue).</p><p>&nbsp;</p><ul>	<li>Matte finish</li>	<li>Removable and replaceable</li>	<li>Waterproof</li>	<li>Weatherproof</li>	<li>Dishwasher safe, can be placed on cars and water bottles</li>	<li>Removes with little to no residue, any residue can be easily removed with hand sanitizer or rubbing alcohol</li></ul>",2077e7_f606b1c1245f4d0692c874111a6ef845~mv2.jpg;2077e7_da9d2c490aad4f3f876dc0e3b4945d45~mv2.jpg;2077e7_2cc65a84cff04d53a580f75486028d6b~mv2.jpg;2077e7_b59ede55a32b442fb077a960041f61b2~mv2.jpg;2077e7_ff3c088b5aa1421eb85117b03475d638~mv2.jpg;2077e7_c0a9bfc47f554bb0822d255ab9352cc8~mv2.jpg;2077e7_1b854cd3e4b34df9bf996a874a0bccc4~mv2.jpg;2077e7_379e884f23354f5cb7d5890424bc38d2~mv2.jpg;2077e7_8225c9cc5a134cf0b682e4e99af2d60c~mv2.jpg;2077e7_3d282f94d8fc416e971234f1c09efd50~mv2.jpg,Stickers,,,3.25,,TRUE,PERCENT,0,0,0,Background Color,DROP_DOWN,Seafoam;Aegean,Design,DROP_DOWN,Black;White,,,,,,,,,,,,,,,,,,,,,,,,,,,,,,,
product_27f46659-f14b-398b-ef4d-a37bcac3a47e,Variant,,,,,52,,,0,TRUE,,,12,0.07,,,Seafoam,,,Black,,,,,,,,,,,,,,,,,,,,,,,,,,,,,,,
product_27f46659-f14b-398b-ef4d-a37bcac3a47e,Variant,,,,,54,,,0,TRUE,,,10,0.07,,,Aegean,,,Black,,,,,,,,,,,,,,,,,,,,,,,,,,,,,,,
product_27f46659-f14b-398b-ef4d-a37bcac3a47e,Variant,,,,,53,,,0,TRUE,,,11,0.07,,,Seafoam,,,White,,,,,,,,,,,,,,,,,,,,,,,,,,,,,,,
product_27f46659-f14b-398b-ef4d-a37bcac3a47e,Variant,,,,,55,,,0,TRUE,,,7,0.07,,,Aegean,,,White,,,,,,,,,,,,,,,,,,,,,,,,,,,,,,,
product_8b627baf-27a2-cb3a-8914-2209765d5cb3,Product,Joshua Tree National Park Sticker,"<p>3.5 x 3.5 inches</p><p>&nbsp;</p><p>My National Park collection is perfect for anybody who loves (or even mildly likes) to travel. &nbsp;They're perfect to stick to cars, hydro flasks,&nbsp;laptops, and planners. I did my best to keep the designs simple while still ringing true to the scenery. &nbsp;One special touch is that I included the state flower for where&nbsp;the national parks are located. &nbsp;Joshua Tree National Park is in California, so the flowers you see in the design are the California Poppy.</p><p>&nbsp;</p><p>Each National Park&nbsp;sticker comes in two background colors and two design colors. The two design colors are always either black or white, but the background choices vary depending on the park. This listing is for Joshua Tree, so the background colors are Terracotta (a rich reddish brown) or Light Seafoam (a gray toned bluish green).</p><p>&nbsp;</p><ul>	<li>Matte finish</li>	<li>Removable and replaceable</li>	<li>Waterproof</li>	<li>Weatherproof</li>	<li>Dishwasher safe, can be placed on cars and water bottles</li>	<li>Removes with little to no residue, any residue can be easily removed with hand sanitizer or rubbing alcohol</li></ul>",2077e7_38c4336f6c2b4137971c57ad9b8f8e4d~mv2.jpg;2077e7_33402906f06845b0bdf4a3e1d317d778~mv2.jpg;2077e7_602d238687d04451ae8b9b68b1f6326d~mv2.jpg;2077e7_084b3feb0c734467bcd2c0270dd0dfdf~mv2.jpg;2077e7_75762fc6174b4b6ab6132dfbb13b400b~mv2.jpg;2077e7_da4b13f683424cab854c20fe535cbb1f~mv2.jpg;2077e7_2cbb90d1a451434bbbd73e239c31fdf4~mv2.jpg;2077e7_5093da2d60d44b6ebbb6df85c79d55de~mv2.jpg;2077e7_11b1883219194663bb79eede23106342~mv2.jpg;2077e7_ad51369887c74f989a32000715282390~mv2.jpg;2077e7_ab3085c5062a459ba2c84637b7d4d6d7~mv2.jpg,Stickers,,,3.25,,TRUE,PERCENT,0,0,0,Background Color,DROP_DOWN,Terracotta;Light Seafoam,Design,DROP_DOWN,Black;White,,,,,,,,,,,,,,,,,,,,,,,,,,,,,,,
product_8b627baf-27a2-cb3a-8914-2209765d5cb3,Variant,,,,,48,,,0,TRUE,,,8,0.07,,,Terracotta,,,Black,,,,,,,,,,,,,,,,,,,,,,,,,,,,,,,
product_8b627baf-27a2-cb3a-8914-2209765d5cb3,Variant,,,,,50,,,0,TRUE,,,10,0.07,,,Light Seafoam,,,Black,,,,,,,,,,,,,,,,,,,,,,,,,,,,,,,
product_8b627baf-27a2-cb3a-8914-2209765d5cb3,Variant,,,,,49,,,0,TRUE,,,9,0.07,,,Terracotta,,,White,,,,,,,,,,,,,,,,,,,,,,,,,,,,,,,
product_8b627baf-27a2-cb3a-8914-2209765d5cb3,Variant,,,,,51,,,0,TRUE,,,11,0.07,,,Light Seafoam,,,White,,,,,,,,,,,,,,,,,,,,,,,,,,,,,,,
product_e9584db7-61dc-f1b9-4791-f5dd6dd27439,Product,Volcanoes National Park Sticker,"<p>3.5 x 3.5 inches</p><p>&nbsp;</p><p>My National Park collection is perfect for anybody who loves (or even mildly likes) to travel. &nbsp;They're perfect to stick to cars, hydro flasks,&nbsp;laptops, and planners. I did my best to keep the designs simple while still ringing true to the scenery. &nbsp;One special touch is that I included the state flower for where&nbsp;the national parks are located.&nbsp; Volcanoes National Park is in Hawai'i, so the flowers you see in the design are the Yellow Hibiscus.</p><p>&nbsp;</p><p>Each National Park&nbsp;sticker comes in two background colors and two design colors. The two design colors are always either black or white, but the background choices vary depending on the park. This listing is for Volcanoes, so the background colors are Marigold (a vibrant orangish yellow) or Selenite (a pale turquoise).</p><p>&nbsp;</p><ul>	<li>Matte finish</li>	<li>Removable and replaceable</li>	<li>Waterproof</li>	<li>Weatherproof</li>	<li>Dishwasher safe, can be placed on cars and water bottles</li>	<li>Removes with little to no residue, any residue can be easily removed with hand sanitizer or rubbing alcohol</li></ul>",2077e7_e5349ce80edc45f69e87619eacf475be~mv2.jpg;2077e7_3aa0e87ded0340f190d6adaf4e24d782~mv2.jpg;2077e7_73dcf264dd7542758fdb839185f08b30~mv2.jpg;2077e7_27f26bb888fa4c50a7eb5eb177ada26e~mv2.jpg;2077e7_7844e8c6b7434df9875ab204cf5c39fe~mv2.jpg;2077e7_0590b94e4e674c94adf1bcf6e1d8164f~mv2.jpg;2077e7_abd481baee7e4f4dbc251bf63932aa21~mv2.jpg;2077e7_763123402ca74bf192dadfcde0e1382b~mv2.jpg;2077e7_7c3d43df750d46359163ebc99a4c0ea4~mv2.jpg;2077e7_6cdaea6f7d8c42299df4c377a7b48f6a~mv2.jpg;2077e7_0bd3a25a0ecd4357b606c3d0423c4737~mv2.jpg,Stickers,,,3.25,,TRUE,PERCENT,0,0,0,Background Color,DROP_DOWN,Marigold;Selenite,Design,DROP_DOWN,Black;White,,,,,,,,,,,,,,,,,,,,,,,,,,,,,,,
product_e9584db7-61dc-f1b9-4791-f5dd6dd27439,Variant,,,,,44,,,0,TRUE,,,12,0.07,,,Marigold,,,Black,,,,,,,,,,,,,,,,,,,,,,,,,,,,,,,
product_e9584db7-61dc-f1b9-4791-f5dd6dd27439,Variant,,,,,46,,,0,TRUE,,,10,0.07,,,Selenite,,,Black,,,,,,,,,,,,,,,,,,,,,,,,,,,,,,,
product_e9584db7-61dc-f1b9-4791-f5dd6dd27439,Variant,,,,,45,,,0,TRUE,,,12,0.07,,,Marigold,,,White,,,,,,,,,,,,,,,,,,,,,,,,,,,,,,,
product_e9584db7-61dc-f1b9-4791-f5dd6dd27439,Variant,,,,,47,,,0,TRUE,,,5,0.07,,,Selenite,,,White,,,,,,,,,,,,,,,,,,,,,,,,,,,,,,,
product_7b0b5c31-90ce-f421-03be-565614c5cb8a,Product,Yosemite National Park Sticker,"<p>3.5 x 3.5 inches</p><p>&nbsp;</p><p>My National Park collection is perfect for anybody who loves (or even mildly likes) to travel. &nbsp;They're perfect to stick to cars, hydro flasks,&nbsp;laptops, and planners. I did my best to keep the designs simple while still ringing true to the scenery. &nbsp;One special touch is that I included the state flower for where&nbsp;the national parks are located. &nbsp;Yosemite National Park is in California, so the flowers you see in the design are the California Poppy.</p><p>&nbsp;</p><p>Each National Park&nbsp;sticker comes in two background colors and two design colors. The two design colors are always either black or white, but the background choices vary depending on the park. This listing is for Yosemite, so the background colors are Yellow Ochre (a bold, dark golden yellow) or Persimmon (a deep, warm coral).</p><p>&nbsp;</p><ul>	<li>Matte finish</li>	<li>Removable and replaceable</li>	<li>Waterproof</li>	<li>Weatherproof</li>	<li>Dishwasher safe, can be placed on cars and water bottles</li>	<li>Removes with little to no residue, any residue can be easily removed with hand sanitizer or rubbing alcohol</li></ul>",2077e7_a19be801d1204c7aa63accf2b5c9b8f3~mv2.jpg;2077e7_b16e24f2aa0c4cf2ae8602b7b70dfb3d~mv2.jpg;2077e7_f5abd2d22c9d4f8a92267c317bf81eda~mv2.jpg;2077e7_5574b8832c7548b2988ecfc5a86be222~mv2.jpg;2077e7_f63bcd8a612848b690cb0a96372785b5~mv2.jpg;2077e7_e453e44030eb4f389bd6a2b4ae534f65~mv2.jpg;2077e7_7dbf4a2a0943459e879b64c97e80b282~mv2.jpg;2077e7_8f75804f31b14472b8950fca2605a929~mv2.jpg;2077e7_81e7e03ea10d46eaa708cb8c0156b005~mv2.jpg;2077e7_f4a462b920ba48d98d590835db62dcd2~mv2.jpg;2077e7_b5f0d1d9e8df4531bca58fc66b2e43d9~mv2.jpg,Stickers,,,3.25,,TRUE,PERCENT,0,0,0,Background Color,DROP_DOWN,Yellow Ochre;Persimmon,Design,DROP_DOWN,Black;White,,,,,,,,,,,,,,,,,,,,,,,,,,,,,,,
product_7b0b5c31-90ce-f421-03be-565614c5cb8a,Variant,,,,,40,,,0,TRUE,,,8,0.07,,,Yellow Ochre,,,Black,,,,,,,,,,,,,,,,,,,,,,,,,,,,,,,
product_7b0b5c31-90ce-f421-03be-565614c5cb8a,Variant,,,,,41,,,0,TRUE,,,10,0.07,,,Persimmon,,,Black,,,,,,,,,,,,,,,,,,,,,,,,,,,,,,,
product_7b0b5c31-90ce-f421-03be-565614c5cb8a,Variant,,,,,42,,,0,TRUE,,,3,0.07,,,Yellow Ochre,,,White,,,,,,,,,,,,,,,,,,,,,,,,,,,,,,,
product_7b0b5c31-90ce-f421-03be-565614c5cb8a,Variant,,,,,43,,,0,TRUE,,,7,0.07,,,Persimmon,,,White,,,,,,,,,,,,,,,,,,,,,,,,,,,,,,,
product_ad6eb8e1-e5f7-2615-a7d0-4c62303a2523,Product,Red Cowboy Boot Sticker,"<p>2.56 x 3 inches</p><p>&nbsp;</p><ul>	<li>Matte finish</li>	<li>Removable and replaceable</li>	<li>Waterproof</li>	<li>Weatherproof</li>	<li>Dishwasher safe, can be placed on cars and water bottles</li>	<li>Removes with little to no residue, any residue can be easily removed with hand sanitizer or rubbing alcohol</li></ul>",2077e7_08a40a773d3e47a1b63a80ddd8eab399~mv2.jpg;2077e7_b0edaadd12d74497924f3836e6ad8972~mv2.jpg;2077e7_3a3785b27df54e9c82a61bb504663faa~mv2.jpg,Stickers,39,,3.25,,TRUE,PERCENT,0,10,0.07,,,,,,,,,,,,,,,,,,,,,,,,,,,,,,,,,,,,,
product_bd7149ee-a3cb-4401-a30b-2163b1539e2b,Product,Tucson Sticker,"<p>2.27 x 3 inches</p><p>&nbsp;</p><ul>	<li>Vinyl printed stickers</li>	<li>Removable and replaceable</li>	<li>Waterproof</li>	<li>Weatherproof</li>	<li>Dishwasher safe, can be placed on cars and water bottles</li>	<li>Removes with little to no residue, any residue can be easily removed with hand sanitizer or rubbing alcohol</li></ul>",2077e7_45ea9a6e560049f99b06d8744ecc672c~mv2.jpg;2077e7_8b536347933544898f4413f183d37716~mv2.jpg;2077e7_574bee518aa4440b8aa6b909cdc9f503~mv2.jpg,Stickers,38,,3.25,,TRUE,PERCENT,0,3,0.07,,,,,,,,,,,,,,,,,,,,,,,,,,,,,,,,,,,,,
product_219df70a-bbbc-e52f-7c65-5162b798332c,Product,'Be The Change You Wish To See' Sticker,"<p>3 x 2.76 inches</p><p>&nbsp;</p><ul>	<li>Clear border</li>	<li>Vinyl printed stickers</li>	<li>Removable and replaceable</li>	<li>Waterproof</li>	<li>Weatherproof</li>	<li>Dishwasher safe, can be placed on cars and water bottles</li>	<li>Removes with little to no residue, any residue can be easily removed with hand sanitizer or rubbing alcohol</li></ul>",2077e7_5751a6979239464d973cda2e52d95805~mv2.jpg;2077e7_58d0e85b67434117b28e2afef3298882~mv2.jpg,,37,,3.25,,TRUE,PERCENT,0,3,0.07,,,,,,,,,,,,,,,,,,,,,,,,,,,,,,,,,,,,,
product_96ad41c5-a46b-39ca-94f5-a2c8c2bb768e,Product,Vintage Bronco Sticker,"<p>3 x 1.6 inches​​​​​​​</p><p>&nbsp;</p><ul>	<li>Clear border</li>	<li>Vinyl printed stickers</li>	<li>Removable and replaceable</li>	<li>Waterproof</li>	<li>Weatherproof</li>	<li>Dishwasher safe, can be placed on cars and water bottles</li>	<li>Removes with little to no residue, any residue can be easily removed with hand sanitizer or rubbing alcohol</li></ul>",2077e7_5aa6b75dcb554ae7abdfed2ebab421ad~mv2.jpg;2077e7_5bf38361851d4cbdaba4e947ab8c4891~mv2.jpg;2077e7_444b1192ba704be9beb0f5e4c8348eaf~mv2.jpg;2077e7_dbda1e826eb14ad6a857960ca14ba953~mv2.jpg,Stickers,36,,3.25,,TRUE,PERCENT,0,4,0.07,,,,,,,,,,,,,,,,,,,,,,,,,,,,,,,,,,,,,
product_8ba9bb15-4844-98f8-6c1c-20f3b14f0f46,Product,Smartass Pennant Sticker,"<p>3 x 1.43 inches</p><p>&nbsp;</p><ul>	<li>Clear border</li>	<li>Vinyl printed stickers</li>	<li>Removable and replaceable</li>	<li>Waterproof</li>	<li>Weatherproof</li>	<li>Dishwasher safe, can be placed on cars and water bottles</li>	<li>Removes with little to no residue, any residue can be easily removed with hand sanitizer or rubbing alcohol</li></ul>",2077e7_9995cb5937824f6f9f9d8d689d22f796~mv2.jpg;2077e7_69d5b4fde2604d77a29007cba01b4cea~mv2.jpg;2077e7_5108680edeb54a5eadbf39257e13a570~mv2.jpg;2077e7_e5067707eb34433ea2ab9050b9f9987e~mv2.jpg,Stickers,35,,3.25,,TRUE,PERCENT,0,10,0.07,,,,,,,,,,,,,,,,,,,,,,,,,,,,,,,,,,,,,
product_b2f33674-df62-9815-b094-69c0b111f784,Product,Flower Sticker,"<p>1.75 x 3 inches</p><p>&nbsp;</p><ul>	<li>Clear border</li>	<li>Vinyl printed stickers</li>	<li>Removable and replaceable</li>	<li>Waterproof</li>	<li>Weatherproof</li>	<li>Dishwasher safe, can be placed on cars and water bottles</li>	<li>Removes with little to no residue, any residue can be easily removed with hand sanitizer or rubbing alcohol</li></ul>",2077e7_24e9092cdb7b42219cda12f2fdc900d8~mv2.jpg;2077e7_8819badc3d1b452a815b91912f7bfd66~mv2.jpg;2077e7_a2d7739554834e78bea9ccfb9c50de57~mv2.jpg;2077e7_13a311c5fc8645b69c0333900e1bbdc9~mv2.jpg,Stickers,34,,3.25,,TRUE,PERCENT,0,6,0.07,,,,,,,,,,,,,,,,,,,,,,,,,,,,,,,,,,,,,
product_96ec0a30-04f9-2e84-edab-fd2b4c37cd5b,Product,Freddy Krueger Sticker,"<p>3 x 2.75 inches</p><p>&nbsp;</p><ul>	<li>Clear border</li>	<li>Vinyl printed stickers</li>	<li>Removable and replaceable</li>	<li>Waterproof</li>	<li>Weatherproof</li>	<li>Dishwasher safe, can be placed on cars and water bottles</li>	<li>Removes with little to no residue, any residue can be easily removed with hand sanitizer or rubbing alcohol</li></ul>",2077e7_677f5ea618784b7eb1308161951374e7~mv2.jpg;2077e7_23afa98e0f714a3eb844f38d6139d4ac~mv2.jpg;2077e7_314664271e674e788bbf82ebbb85bdb6~mv2.jpg;2077e7_8387227ac07445c585848f7746d36d80~mv2.jpg,Stickers,33,,3.25,,TRUE,PERCENT,0,10,0.07,,,,,,,,,,,,,,,,,,,,,,,,,,,,,,,,,,,,,
product_fe2e7260-277e-c8bd-d772-c6f271621802,Product,Red Dala Horse Sticker,"<p>3 x 2.91 inches</p><p>&nbsp;</p><ul>	<li>Vinyl printed stickers</li>	<li>Removable and replaceable</li>	<li>Waterproof</li>	<li>Weatherproof</li>	<li>Dishwasher safe, can be placed on cars and water bottles</li>	<li>Removes with little to no residue, any residue can be easily removed with hand sanitizer or rubbing alcohol</li></ul><p>&nbsp;</p><p>Available in:</p><p>Clear Border - sizes small (2.57 x 2.5&nbsp;in.), medium (2.91 x 3 in.), and large (3.89 x 4 in.)</p><p>White Border (2.91 x 3 in.)</p>",2077e7_6a9a70d13cf14a36a2437a1c23de0568~mv2.jpg;2077e7_8a7b7b88d29044af93b261f3a60de3ee~mv2.jpg;2077e7_5b3295797cd44dca9a9194d8d56beeb8~mv2.jpg;2077e7_192969c8f2944956981b2e65b87ce109~mv2.jpg;2077e7_34c2632e1b854e419dabdf7f42598466~mv2.jpg,Stickers,,,3.25,,TRUE,PERCENT,0,0,0,Border,DROP_DOWN,White;Transparent,Size,DROP_DOWN,Small;Medium;Large,,,,,,,,,,,,,,,,,,,,,,,,,,,,,,,
product_fe2e7260-277e-c8bd-d772-c6f271621802,Variant,,,,,30,,,0,TRUE,,,1,0.07,,,Transparent,,,Medium,,,,,,,,,,,,,,,,,,,,,,,,,,,,,,,
product_fe2e7260-277e-c8bd-d772-c6f271621802,Variant,,,,,32,,,0.25,TRUE,,,1,0.07,,,Transparent,,,Large,,,,,,,,,,,,,,,,,,,,,,,,,,,,,,,
product_fe2e7260-277e-c8bd-d772-c6f271621802,Variant,,,,,,,,0,FALSE,,,0,,,,White,,,Small,,,,,,,,,,,,,,,,,,,,,,,,,,,,,,,
product_fe2e7260-277e-c8bd-d772-c6f271621802,Variant,,,,,29,,,0,TRUE,,,15,0.07,,,White,,,Medium,,,,,,,,,,,,,,,,,,,,,,,,,,,,,,,
product_fe2e7260-277e-c8bd-d772-c6f271621802,Variant,,,,,,,,0,FALSE,,,0,,,,White,,,Large,,,,,,,,,,,,,,,,,,,,,,,,,,,,,,,
product_fe2e7260-277e-c8bd-d772-c6f271621802,Variant,,,,,31,,,-0.25,TRUE,,,0,0.07,,,Transparent,,,Small,,,,,,,,,,,,,,,,,,,,,,,,,,,,,,,
product_01f8d331-5e74-ac56-5602-f2d83166a8a5,Product,White Floral Dala Horse Sticker,"<p>3 x 2.91 inches</p><p>&nbsp;</p><ul>	<li>Clear border</li>	<li>Vinyl printed stickers</li>	<li>Removable and replaceable</li>	<li>Waterproof</li>	<li>Weatherproof</li>	<li>Dishwasher safe, can be placed on cars and water bottles</li>	<li>Removes with little to no residue, any residue can be easily removed with hand sanitizer or rubbing alcohol</li></ul>",2077e7_ec17fd18a5044b76990e911dadec80fc~mv2.jpg;2077e7_3f6f6f109bd64d1fbf087c42259d73f3~mv2.jpg;2077e7_81af8a6420714981b8c2016c9ddba271~mv2.jpg;2077e7_3b55a2ab4fc74a43bbc63d654593bbbf~mv2.jpg,Stickers,28,,3.25,,TRUE,PERCENT,0,3,0.07,,,,,,,,,,,,,,,,,,,,,,,,,,,,,,,,,,,,,
product_503250b5-f65e-9009-5653-769d184e530f,Product,'Stay Wild' Sticker,"<p>3 x 2.16 inches</p><p>&nbsp;</p><ul>	<li>Vinyl printed stickers</li>	<li>Removable and replaceable</li>	<li>Waterproof</li>	<li>Weatherproof</li>	<li>Dishwasher safe, can be placed on cars and water bottles</li>	<li>Removes with little to no residue, any residue can be easily removed with hand sanitizer or rubbing alcohol</li></ul>",2077e7_71cb95a5779f4228832f6a769804a32a~mv2.jpg;2077e7_98ec97809e04459093984f0531d00b51~mv2.jpg;2077e7_3d6ed877072b4e5ab7ca67f5da7db5b2~mv2.jpg,Stickers,27,,3.25,,TRUE,PERCENT,0,6,0.07,,,,,,,,,,,,,,,,,,,,,,,,,,,,,,,,,,,,,
product_02079177-6002-1603-cf21-fddeaf5b567c,Product,Red Moth Sticker,"<p>3 x 2.1 inches</p><p>&nbsp;</p><ul>	<li>Vinyl printed stickers</li>	<li>Removable and replaceable</li>	<li>Waterproof</li>	<li>Weatherproof</li>	<li>Dishwasher safe, can be placed on cars and water bottles</li>	<li>Removes with little to no residue, any residue can be easily removed with hand sanitizer or rubbing alcohol</li></ul>",2077e7_1580db539ae248778f05417193470934~mv2.jpg;2077e7_09512e4b99a24b5481922b98d7025228~mv2.jpg;2077e7_2849d6379d86415a8f5aae4aaa4e8a54~mv2.jpg;2077e7_1eb6aaa3390c43c0b473588696c80167~mv2.jpg;2077e7_a5185c31edbc4805a97e59e229dbc484~mv2.jpg,Stickers,26,,3.25,,TRUE,PERCENT,0,15,0.07,,,,,,,,,,,,,,,,,,,,,,,,,,,,,,,,,,,,,
product_c8555acd-c258-3085-3753-369f6c285f7f,Product,Pink Moth Sticker,"<p>3 x 2.25 inches</p><p>&nbsp;</p><ul>	<li>Vinyl printed stickers</li>	<li>Removable and replaceable</li>	<li>Waterproof</li>	<li>Weatherproof</li>	<li>Dishwasher safe, can be placed on cars and water bottles</li>	<li>Removes with little to no residue, any residue can be easily removed with hand sanitizer or rubbing alcohol</li></ul>",2077e7_adf5a74216fe44b7866a2d829ecd1cb5~mv2.jpg;2077e7_59789454c2854dfca7c018b546502512~mv2.jpg;2077e7_9aeb33b2aa904b8eae00dd5564e0e4ac~mv2.jpg,Stickers,25,,3.25,,TRUE,PERCENT,0,1,0.07,,,,,,,,,,,,,,,,,,,,,,,,,,,,,,,,,,,,,
product_4a42465a-564c-91cc-7300-8a90c98bbdbc,Product,Pink Cactus Sticker,"<p>3 x 1.8 inches</p><p>&nbsp;</p><ul>	<li>Vinyl printed stickers</li>	<li>Removable and replaceable</li>	<li>Waterproof</li>	<li>Weatherproof</li>	<li>Dishwasher safe, can be placed on cars and water bottles</li>	<li>Removes with little to no residue, any residue can be easily removed with hand sanitizer or rubbing alcohol</li></ul>",2077e7_7a4f8fad8475495ab35622a4df09597e~mv2.jpg;2077e7_cbc02d85cf1f44778ceaafa11821d0d6~mv2.jpg;2077e7_389c082b1b2c489b89558f4b3599906e~mv2.jpg,Stickers,24,,3.25,,TRUE,PERCENT,0,2,0.07,,,,,,,,,,,,,,,,,,,,,,,,,,,,,,,,,,,,,
product_1e3d8397-25bb-34d9-a904-9ea4429d0fec,Product,Ouija Board Sticker,"<p>3 x 2.1 inches</p><p>&nbsp;</p><ul>	<li>Vinyl printed stickers</li>	<li>Removable and replaceable</li>	<li>Waterproof</li>	<li>Weatherproof</li>	<li>Dishwasher safe, can be placed on cars and water bottles</li>	<li>Removes with little to no residue, any residue can be easily removed with hand sanitizer or rubbing alcohol</li></ul><p>&nbsp;</p><p>Available in white and black.</p>",2077e7_d6d6cfef00b84461b297829a492f79fb~mv2.jpg;2077e7_c60f64f638bd4cfe9f4bc067b2950b75~mv2.jpg;2077e7_59d7b8908e9f4dd28662a0f8ecb43c58~mv2.jpg;2077e7_2ee1d7d1d021419fb885de36122a251c~mv2.jpg;2077e7_4221c2ca790742fa90d3140f33106466~mv2.jpg;2077e7_ffb85546aac246c19178ad0f173492fe~mv2.jpg,Stickers,,,3.25,,TRUE,PERCENT,0,0,0,Color,DROP_DOWN,White;Black,,,,,,,,,,,,,,,,,,,,,,,,,,,,,,,,,,
product_1e3d8397-25bb-34d9-a904-9ea4429d0fec,Variant,,,,,23,,,0,TRUE,,,5,0.07,,,White,,,,,,,,,,,,,,,,,,,,,,,,,,,,,,,,,,
product_1e3d8397-25bb-34d9-a904-9ea4429d0fec,Variant,,,,,24,,,0,TRUE,,,40,0.07,,,Black,,,,,,,,,,,,,,,,,,,,,,,,,,,,,,,,,,
product_575f43f8-9684-6847-3a4d-a1de2a425ce6,Product,'Let Your Choices Reflect Your Hopes NotYour Fears' Sticker,"<p>3 x 2.8 inches</p><p>&nbsp;</p><ul>	<li>Clear border</li>	<li>Vinyl printed stickers</li>	<li>Removable and replaceable</li>	<li>Waterproof</li>	<li>Weatherproof</li>	<li>Dishwasher safe, can be placed on cars and water bottles</li>	<li>Removes with little to no residue, any residue can be easily removed with hand sanitizer or rubbing alcohol</li></ul>",2077e7_5edbcc947870434ab42fc08f492d9e8e~mv2.jpg;2077e7_ccadbf707b964088b58c3f73f57c177c~mv2.jpg;2077e7_fbc7bed5ffda401a9fa808abe981a27b~mv2.jpg;2077e7_7bf3133cb58442a8a59d35aa3d55fffe~mv2.jpg,Stickers,22,,3.25,,TRUE,PERCENT,0,9,0.07,,,,,,,,,,,,,,,,,,,,,,,,,,,,,,,,,,,,,
product_aa36be1c-d456-4093-f59c-6b16c7ac45f9,Product,'I Am No Longer Responding to Negativity' Sticker,"<p>3 x 2.6 inches</p><p>&nbsp;</p><ul>	<li>Clear border</li>	<li>Vinyl printed stickers</li>	<li>Removable and replaceable</li>	<li>Waterproof</li>	<li>Weatherproof</li>	<li>Dishwasher safe, can be placed on cars and water bottles</li>	<li>Removes with little to no residue, any residue can be easily removed with hand sanitizer or rubbing alcohol</li></ul>",2077e7_24f00755c422437ab9bde5e08cefbd19~mv2.jpg;2077e7_970311f8a7204ab5bbd9bedc0727d5d7~mv2.jpg;2077e7_f52561aa940b4507962f954cb314fc5b~mv2.jpg;2077e7_da2016dad9e545a4a4e2dd060dad8ac0~mv2.jpg,Stickers,21,,3.25,,TRUE,PERCENT,0,9,0.07,,,,,,,,,,,,,,,,,,,,,,,,,,,,,,,,,,,,,
product_9fb79e2c-8ab9-da2b-8bf9-5fcaa3888b30,Product,'Take Back Your Power' Sticker,"<p>3 x 2.5 inches</p><p>&nbsp;</p><ul>	<li>Clear border</li>	<li>Vinyl printed stickers</li>	<li>Removable and replaceable</li>	<li>Waterproof</li>	<li>Weatherproof</li>	<li>Dishwasher safe, can be placed on cars and water bottles</li>	<li>Removes with little to no residue, any residue can be easily removed with hand sanitizer or rubbing alcohol</li></ul>",2077e7_071941060c294d92ba7b19bd229de60f~mv2.jpg;2077e7_7d34878a673745c28a984f520a0b4870~mv2.jpg;2077e7_8308a39727534b75a87b03f217f352cf~mv2.jpg;2077e7_c37f047736d04ee6b97f938e74e53ad7~mv2.jpg,Stickers,20,,3.25,,TRUE,PERCENT,0,5,0.07,,,,,,,,,,,,,,,,,,,,,,,,,,,,,,,,,,,,,
product_3aa24b44-dd3f-9aa4-0a12-244dd728e409,Product,White Palmistry Sticker,"<p>3 x 2 inches</p><p>&nbsp;</p><ul>	<li>Clear border</li>	<li>Vinyl printed stickers</li>	<li>Removable and replaceable</li>	<li>Waterproof</li>	<li>Weatherproof</li>	<li>Dishwasher safe, can be placed on cars and water bottles</li>	<li>Removes with little to no residue, any residue can be easily removed with hand sanitizer or rubbing alcohol</li></ul>",2077e7_873e1aef6ee649a99d1583bb8cc110b5~mv2.jpg;2077e7_9926c6e3bd474fd4b4dc31d88d5bf5e9~mv2.jpg;2077e7_e9831e4622704f96a51eb4f17c9eec4a~mv2.jpg;2077e7_5710d4cfdbd840bea7743dcec213e3ef~mv2.jpg,Stickers,19,,3.25,,TRUE,PERCENT,0,11,0.07,,,,,,,,,,,,,,,,,,,,,,,,,,,,,,,,,,,,,
product_16d01ac5-5236-d763-b38a-b49a851b4a7f,Product,'I Am Not My Mistakes' Sticker,"<p>3 x 2.88 inches</p><p>&nbsp;</p><ul>	<li>Clear border</li>	<li>Vinyl printed stickers</li>	<li>Removable and replaceable</li>	<li>Waterproof</li>	<li>Weatherproof</li>	<li>Dishwasher safe, can be placed on cars and water bottles</li>	<li>Removes with little to no residue, any residue can be easily removed with hand sanitizer or rubbing alcohol</li></ul>",2077e7_79cc3576efc44dafbb93403171fd1ee3~mv2.jpg;2077e7_506e0dd43e7140caaf9dafb448ee5957~mv2.jpg;2077e7_e0dfd0add4c1441cb90586d8851c35e6~mv2.jpg;2077e7_674a3f815d68480b8bafa59606d6cb11~mv2.jpg;2077e7_7c1c27dd5706463d865384092e9056d6~mv2.jpg,Stickers,18,,3.25,,TRUE,PERCENT,0,7,0.07,,,,,,,,,,,,,,,,,,,,,,,,,,,,,,,,,,,,,
product_4eaa89c7-e1a6-d3df-3803-2ce9900fed4b,Product,Face Line Drawing Sticker,"<p>2.15 x 3 inches</p><p>&nbsp;</p><ul>	<li>Clear border</li>	<li>Vinyl printed stickers</li>	<li>Removable and replaceable</li>	<li>Waterproof</li>	<li>Weatherproof</li>	<li>Dishwasher safe, can be placed on cars and water bottles</li>	<li>Removes with little to no residue, any residue can be easily removed with hand sanitizer or rubbing alcohol</li></ul>",2077e7_c88c1274dcfb4f9d87928426559f3030~mv2.jpg;2077e7_8d949ca63e7a4fc2965d1bdfd6e85f53~mv2.jpg;2077e7_14a17edd3ba045698f57621f73cd326e~mv2.jpg;2077e7_0a8f4614521e49eca1889151c5b22815~mv2.jpg,Stickers,17,,3.25,,TRUE,PERCENT,0,6,0.07,,,,,,,,,,,,,,,,,,,,,,,,,,,,,,,,,,,,,
product_b92fe9b5-d53a-99bb-1035-3d319aeb82a1,Product,Cactus Outline Sticker,"<p>1.9 x 3 inches</p><p>&nbsp;</p><ul>	<li>Clear border</li>	<li>Vinyl printed stickers</li>	<li>Removable and replaceable</li>	<li>Waterproof</li>	<li>Weatherproof</li>	<li>Dishwasher safe, can be placed on cars and water bottles</li>	<li>Removes with little to no residue, any residue can be easily removed with hand sanitizer or rubbing alcohol</li></ul>",2077e7_0bc673c306964f3fb5aba61e35d52760~mv2.jpg;2077e7_f94825f3d7f34f3c8c5f04e5014e1c6a~mv2.jpg;2077e7_e7733cdcc89842d28cf7a7546e380711~mv2.jpg;2077e7_fa07af5b01eb4573b0bc4e8d80c08425~mv2.jpg,Stickers,16,,3.25,,TRUE,PERCENT,0,7,0.07,,,,,,,,,,,,,,,,,,,,,,,,,,,,,,,,,,,,,
product_fa4ab9f3-0d40-9a29-1a5c-8562999ef6a4,Product,Clear Book Sticker,"<p>3 x 2.81 inches</p><p>&nbsp;</p><p>I am what my family likes to call a ""voracious reader."" &nbsp;When I get a book in my hands, I instantly become entranced by it, unable to do almost anything but read until I finally finish it. &nbsp;It's not uncommon for me to forget to eat or sleep with a good book in front of me. &nbsp;Is it healthy? Not really. &nbsp;Would I want it any other way? Never. &nbsp;For this sticker, I chose to focus on some of the more mainstream classics that I'm confident almost everybody has heard of:</p><p>&nbsp;</p><p>Emma<br>Jane Eyre<br>Pride and Prejudice<br>Gone with the Wind<br>Sense and Sensibility<br>Great Expectations<br>Wuthering Heights</p><p>&nbsp;</p><p>&nbsp;</p><ul>	<li>Glossy finish</li>	<li>UV protected laminate to protect stickers from weather and sunlight</li>	<li>2-4 year outdoor life</li>	<li>Waterproof</li>	<li>Dishwasher safe, can be placed on cars and water bottles</li>	<li>Removes with little to no residue, any residue can be easily removed with hand sanitizer or rubbing alcohol</li></ul>",2077e7_f7b96246da0d4c0ebc690727ac0fd9d2~mv2.jpg;2077e7_a3ad146a4b9e4630b84254370fdc3432~mv2.jpg;2077e7_684845fd543d45d0a0f0cbd9c78b625b~mv2.jpg;2077e7_4525413dabc1458c9adc781073e15039~mv2.jpg,Stickers,15,,3.25,,TRUE,PERCENT,0,10,0.07,,,,,,,,,,,,,,,,,,,,,,,,,,,,,,,,,,,,,
product_43652ba6-8d58-621c-6b68-eb2d6722e6d1,Product,Clear Flowers and Combat Boots Sticker | 2.9 x 3 in.,"<p>This pink combat boot with flowers in it comes with a clear background and is the perfect mix of soft and edgy.&nbsp;</p><p>&nbsp;</p><ul>	<li>Matte finish</li>	<li>Transparent border</li>	<li>Removable and replaceable</li>	<li>Waterproof</li>	<li>Weatherproof</li>	<li>Dishwasher safe and can be placed on cars and water bottles</li>	<li>Removes with little to no residue, any residue can be easily removed with hand sanitizer or rubbing alcohol</li></ul>",2077e7_a4b2f4aa91714ee3ae99b644dc5cd546~mv2.jpg;2077e7_57d9c05f39a44896a6d848699e6a68ea~mv2.jpg;2077e7_a5e193513c5a4c71bf2e82cd5ccefa3a~mv2.jpg;2077e7_0ad7037e8fd34bd9a7a0342eb19dd8b4~mv2.jpg;2077e7_e0563b07395a4616a3675cca6f20c14c~mv2.jpg,Stickers,14,,3.25,,TRUE,PERCENT,0,4,0.07,,,,,,,,,,,,,,,,,,,,,,,,,,,,,,,,,,,,,
product_dab047bc-5c0e-3539-548c-d89fecf05ef6,Product,Rock On Sticker | 1.5 x 3 in.,"<p>This rock and roll symbol sticker comes with a clear background and a little tattoo on the wrist that says Rock On.&nbsp;</p><p>&nbsp;</p><ul>	<li>Matte finish</li>	<li>Transparent border</li>	<li>Removable and replaceable</li>	<li>Waterproof</li>	<li>Weatherproof</li>	<li>Dishwasher safe and can be placed on cars and water bottles</li>	<li>Removes with little to no residue, any residue can be easily removed with hand sanitizer or rubbing alcohol</li></ul>",2077e7_f2e40927fee7492f917f6a3601613667~mv2.jpg;2077e7_7a2a3c6e8f9143f4982020a085469526~mv2.jpg;2077e7_39e59897b1d9401fa954568d7f84f88e~mv2.jpg;2077e7_23e0d8d154b04d19b603f39696180cd1~mv2.jpg,Stickers,13,,3.25,,TRUE,PERCENT,0,9,0.07,,,,,,,,,,,,,,,,,,,,,,,,,,,,,,,,,,,,,
product_158b0fcf-f7c8-a557-d9a9-7524f0f6be58,Product,Clear Fingers Crossed Sticker | 1 x 3 in.,"<p>This fingers crossed sticker comes with a clear background and a little tattoo on the wrist that says Good Luck.&nbsp;</p><p>&nbsp;</p><ul>	<li>Matte finish</li>	<li>Transparent border</li>	<li>Removable and replaceable</li>	<li>Waterproof</li>	<li>Weatherproof</li>	<li>Dishwasher safe and can be placed on cars and water bottles</li>	<li>Removes with little to no residue, any residue can be easily removed with hand sanitizer or rubbing alcohol</li></ul>",2077e7_c21114b08f614d1fb9bef609e31de461~mv2.jpg;2077e7_635dab56e5ed4b72ac9e581f5be89ecd~mv2.jpg;2077e7_a5018f7cd71e43caa10d2d0286afb8f5~mv2.jpg;2077e7_2952e9e0475345ca848f47622f467dc0~mv2.jpg;2077e7_b9fd126d3b3d44f8aeb926bccec72572~mv2.jpg,Stickers,12,,3.25,,TRUE,PERCENT,0,7,0.07,,,,,,,,,,,,,,,,,,,,,,,,,,,,,,,,,,,,,
product_89d417be-ed94-fcf1-bf84-971ca22ed231,Product,Clear I Love You Sign Language Sticker | 2.1 x 3 in.,"<p>This ‘I Love You’ sign language sticker comes with a clear background and a little tattoo on the wrist that says I Love You. Sign language, in this case ASL is so beautiful and I am so excited to have a sticker in my shop to represent my love for it.</p><p>&nbsp;</p><ul>	<li>Matte finish</li>	<li>Transparent border</li>	<li>Removable and replaceable</li>	<li>Waterproof</li>	<li>Weatherproof</li>	<li>Dishwasher safe and can be placed on cars and water bottles</li>	<li>Removes with little to no residue, any residue can be easily removed with hand sanitizer or rubbing alcohol</li></ul>",2077e7_0ac6e1d8f00c4fc6b37d088711574d51~mv2.jpg;2077e7_3d7cb26765e343069a66720e9fe980ac~mv2.jpg;2077e7_053fdb5bc63e4f81bd172d829b999037~mv2.jpg;2077e7_a7d13780419b41a892f068fbacbc9961~mv2.jpg;2077e7_3e6b0dcfd037400ebdd52ec8394d33fd~mv2.jpg;2077e7_014e56d75ec046a3a417e1b5216c629c~mv2.jpg;2077e7_a5241f7b960c4deaa644b7ba5fb7c177~mv2.jpg;2077e7_4ed44d2d5df344f38160354862e844c5~mv2.jpg,Stickers,11,,3.25,,TRUE,PERCENT,0,6,0.07,,,,,,,,,,,,,,,,,,,,,,,,,,,,,,,,,,,,,
product_9ac5fa49-9f86-a9d2-1c0a-807bd00f0bd4,Product,Divine Feminine Print,"<p>I was inspired to call this Divine Feminine because of the beautiful, soft edges of the female figure that I based the drawing on, but I hope that regardless of gender it represents how powerful it is to own every inch of your body. &nbsp;I edited the original design with two more skin tones so that hopefully more people will be able to recognize themselves in the piece. &nbsp;You can pick which skin tone and size print you would like from the drop down menus.</p><p>&nbsp;</p><p>This is a full color print, printed on premium photo paper with a smooth matte finish that you won't leave finger prints on.</p><p>&nbsp;</p><p>Available in two sizes:<br>5x7<br>8x10</p><p>&nbsp;</p><p>*Listing pictures are Light and Medium*</p>",2077e7_f512556e29414558a1a7b9224b134ee6~mv2.jpg;2077e7_464842878f20457e9feb309126aa1713~mv2.jpg,Prints,,New Arrival,10,,TRUE,PERCENT,0,0,0,Size,DROP_DOWN,5x7;8x10,Skin Tone,DROP_DOWN,Light;Medium;Dark,,,,,,,,,,,,,,,,,,,,,,,,,,,,,,,
product_9ac5fa49-9f86-a9d2-1c0a-807bd00f0bd4,Variant,,,,,8,,,5,TRUE,,,15,0.25,,,8x10,,,Medium,,,,,,,,,,,,,,,,,,,,,,,,,,,,,,,
product_9ac5fa49-9f86-a9d2-1c0a-807bd00f0bd4,Variant,,,,,10,,,5,TRUE,,,15,0.25,,,8x10,,,Dark,,,,,,,,,,,,,,,,,,,,,,,,,,,,,,,
product_9ac5fa49-9f86-a9d2-1c0a-807bd00f0bd4,Variant,,,,,5,,,0,TRUE,,,15,0.19,,,5x7,,,Light,,,,,,,,,,,,,,,,,,,,,,,,,,,,,,,
product_9ac5fa49-9f86-a9d2-1c0a-807bd00f0bd4,Variant,,,,,7,,,0,TRUE,,,15,0.19,,,5x7,,,Medium,,,,,,,,,,,,,,,,,,,,,,,,,,,,,,,
product_9ac5fa49-9f86-a9d2-1c0a-807bd00f0bd4,Variant,,,,,9,,,0,TRUE,,,15,0.19,,,5x7,,,Dark,,,,,,,,,,,,,,,,,,,,,,,,,,,,,,,
product_9ac5fa49-9f86-a9d2-1c0a-807bd00f0bd4,Variant,,,,,6,,,5,TRUE,,,15,0.25,,,8x10,,,Light,,,,,,,,,,,,,,,,,,,,,,,,,,,,,,,
product_733509af-1a04-37f0-3a53-fdfec47f9ea8,Product,Reading Quote Print,"<p>I struggled to learn how to read. &nbsp;Throughout kindergarten and first grade, I would be taken out of my normal classes and brought to a special room in the school where I, and a couple other students, got targeted attention to help us. &nbsp;I always think about how funny it is that I struggled so hard to learn to read and it quickly became one of my favorite things to do. &nbsp;Once I learned how to do it, and it finally made sense, I couldn't be stopped. &nbsp;I became a voracious reader and now, as a twenty-something, I still can, and prefer to, get lost in a story and forget who I am. &nbsp;That is why this quote means so much to me, and why I think this is probably the best thing I've ever made.</p><p>&nbsp;</p><p>This is a full color print, printed on premium photo paper with a smooth matte finish that you won't leave finger prints on.</p><p>&nbsp;</p><p>Available in two sizes:<br>5x7<br>8x10</p>",2077e7_4133e3bb956848768ea77fd669cb2de6~mv2.jpg,Prints,,New Arrival,10,,TRUE,PERCENT,0,0,0,Size,DROP_DOWN,5x7;8x10,,,,,,,,,,,,,,,,,,,,,,,,,,,,,,,,,,
product_733509af-1a04-37f0-3a53-fdfec47f9ea8,Variant,,,,,3,,,0,TRUE,,,15,0.19,,,5x7,,,,,,,,,,,,,,,,,,,,,,,,,,,,,,,,,,
product_733509af-1a04-37f0-3a53-fdfec47f9ea8,Variant,,,,,4,,,5,TRUE,,,15,0.25,,,8x10,,,,,,,,,,,,,,,,,,,,,,,,,,,,,,,,,,
product_851c1986-f2f4-94f3-914c-31d78869fde7,Product,Red Palmistry Sticker,"<p>1.3 x 3 inches</p><p>&nbsp;</p><p>I always find myself drawn to all things magical, mystical, and spiritual. &nbsp;I love tarot, and crystals, and, as it turns out, palmistry. &nbsp;You might be familiar with another palmistry sticker of mine (https://www.etsy.com/listing/986319979/clear-palmistry-hand-sticker-3x198-in) or the same design as a keychain (https://www.etsy.com/listing/1016546004/palmistry-keychain) but I love how different and still beautiful this one is.</p><p>&nbsp;</p><ul>	<li>Clear background</li>	<li>Glossy finish</li>	<li>UV protected laminate to protect stickers from weather and sunlight</li>	<li>2-4 year outdoor life</li>	<li>Waterproof</li>	<li>Dishwasher safe, can be placed on cars and water bottles</li>	<li>Removes with little to no residue, any residue can be easily removed with hand sanitizer or rubbing alcohol</li></ul>",2077e7_90a019eb728e4688bf5dba8e63fd210b~mv2.jpg;2077e7_09181d604f87401d880ed153f821c6f2~mv2.jpg;2077e7_759294c1d0db46d59fb42a567084a67e~mv2.jpg;2077e7_62cd213fd6f04eb0a136e9e26c6b58e7~mv2.jpg;2077e7_fb34823c476146e69e48c51de939944f~mv2.jpg;2077e7_7fa8b0603e96421c9853d4c7de29662f~mv2.jpg,Stickers,2,New Arrival,3.25,,TRUE,PERCENT,0,62,0.0625,,,,,,,,,,,,,,,,,,,,,,,,,,,,,,,,,,,,,
product_9bc8f05f-44ca-8b69-c5b1-7f5431be91b6,Product,Happy Moon Sticker,"<p>2.4 x 3 inches</p><p>&nbsp;</p><p>This happy little moon is the cutest touch to pretty much anything. &nbsp;I added one to my water bottle and I feel so happy every time I see it!</p><p>&nbsp;</p><ul>	<li>Clear background</li>	<li>Glossy finish</li>	<li>UV protected laminate to protect stickers from weather and sunlight</li>	<li>2-4 year outdoor life</li>	<li>Waterproof</li>	<li>Dishwasher safe, can be placed on cars and water bottles</li>	<li>Removes with little to no residue, any residue can be easily removed with hand sanitizer or rubbing alcohol</li></ul>",2077e7_bfcaa7b438e842bd8889f00462ce091a~mv2.jpg;2077e7_9ff7e9d7de934e479c33e13a6e803ae2~mv2.jpg;2077e7_4a2b61d448b04fd0a737d5d1501bd2f9~mv2.jpg;2077e7_4c90ce6f283e43879ce348e4b5b2cb5d~mv2.jpg;2077e7_ffa7058a97d2478b8fcbed011a441949~mv2.jpg;2077e7_2432e0c27a3346e69fa5b01b11cb2117~mv2.jpg,Stickers,1,New Arrival,3.25,,TRUE,PERCENT,0,40,0.0625,,,,,,,,,,,,,,,,,,,,,,,,,,,,,,,,,,,,,